Aluin,Benardet,abenardet0@businessweek.com,Male
Harriette,Pydcock,hpydcock1@redcross.org,Female
Sven,Jude,sjude2@census.gov,Male
Arlana,Trighton,atrighton3@ibm.com,Female
Glynn,Easey,geasey4@taobao.com,Male
Malachi,McReidy,mmcreidy5@deliciousdays.com,Male
Kirk,Tolputt,ktolputt6@slideshare.net,Male
Waylon,Dinnis,wdinnis7@a8.net,Agender
Marie,Filipson,mfilipson8@indiatimes.com,Female
Winifred,Gerg,wgerg9@umn.edu,Female
Jerrie,Sawden,jsawdena@cnbc.com,Female
Elke,Hender,ehenderb@businesswire.com,Female
Davida,Lorain,dlorainc@instagram.com,Female
Wilbur,Crampsy,wcrampsyd@biblegateway.com,Male
Libbey,Mannagh,lmannaghe@independent.co.uk,Female
Elbertine,Blackler,eblacklerf@europa.eu,Female
Marthe,Skain,mskaing@wordpress.org,Non-binary
Selig,Tolerton,stolertonh@dyndns.org,Male
Chiquia,Coppens,ccoppensi@va.gov,Female
Jackson,Hanham,jhanhamj@rediff.com,Male
Gunner,Mayzes,gmayzesk@spotify.com,Male
Lorette,Giacoppo,lgiacoppol@baidu.com,Female
Louise,Shackleford,lshacklefordm@newyorker.com,Female
Sibyl,Crocetto,scrocetton@princeton.edu,Male
Halley,Duiguid,hduiguido@t-online.de,Female
Aryn,Dawidowitsch,adawidowitschp@mysql.com,Genderfluid
Adriane,McNiven,amcnivenq@geocities.jp,Female
Peria,Coveny,pcovenyr@miitbeian.gov.cn,Female
Pryce,Uccelli,puccellis@wunderground.com,Male
Omar,Capelle,ocapellet@slashdot.org,Male
Delila,Budget,dbudgetu@list-manage.com,Female
Bail,Pele,bpelev@cisco.com,Male
Maurise,Sarre,msarrew@huffingtonpost.com,Female
Vaughn,Cathro,vcathrox@flickr.com,Male
Feodor,Yandell,fyandelly@comcast.net,Male
Rodrique,Yglesia,ryglesiaz@loc.gov,Male
Dane,Sandever,dsandever10@samsung.com,Male
Josy,Mullett,jmullett11@shop-pro.jp,Female
Shanda,Cartmill,scartmill12@github.io,Female
Darcey,Jacobi,djacobi13@illinois.edu,Genderfluid
Ignaz,Ping,iping14@nbcnews.com,Genderfluid
Barbabas,McQuorkell,bmcquorkell15@rambler.ru,Male
Josephina,Stearn,jstearn16@phoca.cz,Female
Rozanna,Lambrook,rlambrook17@pbs.org,Female
Myrilla,Pond,mpond18@bbb.org,Female
Horatio,Penrice,hpenrice19@gravatar.com,Male
Susana,Isherwood,sisherwood1a@deviantart.com,Genderqueer
Jean,Jolland,jjolland1b@goo.ne.jp,Female
Jemimah,Sisse,jsisse1c@youku.com,Female
Zebulon,Rawe,zrawe1d@amazon.de,Male
Rene,Partkya,rpartkya1e@state.gov,Male
Aubert,Clayal,aclayal1f@home.pl,Male
Otto,Guillem,oguillem1g@printfriendly.com,Male
Abigael,Totterdill,atotterdill1h@miitbeian.gov.cn,Non-binary
Timmie,Dansken,tdansken1i@gravatar.com,Male
Mendy,Drysdall,mdrysdall1j@oracle.com,Male
Dierdre,Minster,dminster1k@soup.io,Female
Rhianon,Dawson,rdawson1l@networkadvertising.org,Female
Doralyn,Ochiltree,dochiltree1m@cbsnews.com,Female
Levin,Spear,lspear1n@tiny.cc,Non-binary
Belvia,Willars,bwillars1o@skyrock.com,Female
Cally,Vinton,cvinton1p@twitter.com,Female
Merrie,Stiffell,mstiffell1q@imageshack.us,Polygender
Son,Emeline,semeline1r@prlog.org,Male
Diego,Polly,dpolly1s@webnode.com,Male
Kelsey,Perazzo,kperazzo1t@blog.com,Female
Colman,Dungey,cdungey1u@csmonitor.com,Male
Glenn,Cashell,gcashell1v@com.com,Male
Lazaro,Muffen,lmuffen1w@latimes.com,Male
Lindsay,McShane,lmcshane1x@hc360.com,Female
Theodoric,Archdeckne,tarchdeckne1y@histats.com,Male
Bette,McGeever,bmcgeever1z@indiegogo.com,Female
Sara,Strand,sstrand20@flickr.com,Female
Rudiger,Titterton,rtitterton21@bandcamp.com,Male
Gar,Ondrich,gondrich22@guardian.co.uk,Male
Adore,Nutman,anutman23@tinyurl.com,Female
Arthur,Fisk,afisk24@deviantart.com,Male
Oswell,Morshead,omorshead25@amazon.com,Male
Englebert,Yanov,eyanov26@feedburner.com,Male
Gregorio,Ehlerding,gehlerding27@chron.com,Male
Valli,Evetts,vevetts28@columbia.edu,Female
Artur,Wiltsher,awiltsher29@hhs.gov,Male
Katherine,McIlvenny,kmcilvenny2a@qq.com,Female
Emmett,Dowers,edowers2b@surveymonkey.com,Male
Alleyn,Winson,awinson2c@army.mil,Male
Emlyn,Druett,edruett2d@cpanel.net,Female
Emera,Ivanshintsev,eivanshintsev2e@who.int,Female
Brit,Lewson,blewson2f@marriott.com,Female
Riva,Waeland,rwaeland2g@smugmug.com,Female
Rickey,Nancarrow,rnancarrow2h@ca.gov,Male
Kellsie,MacIlhargy,kmacilhargy2i@moonfruit.com,Female
Jarib,Arias,jarias2j@topsy.com,Male
Belia,Kiendl,bkiendl2k@youtube.com,Female
Ingamar,Lassell,ilassell2l@theguardian.com,Male
Dasha,Elcoux,delcoux2m@pbs.org,Female
Nikaniki,Tattersall,ntattersall2n@php.net,Female
Kalinda,Wanklyn,kwanklyn2o@wordpress.org,Female
Broderick,Ranfield,branfield2p@comsenz.com,Male
Ricoriki,Beal,rbeal2q@xinhuanet.com,Male
Alec,Boothe,aboothe2r@lycos.com,Male
